JobTitle,JobLocation,JobSummary
"Product Manager I - San Francisco, CA | Frisco, TX","San Francisco, CA 94104 (Financial District area)","As a Product Manager, you'll join a passionate team working to empower customers and real estate agents by delivering delightful user experiences that solve…"
Product Manager - Trips,"San Francisco, CA","Spin Product Managers build next generation transportation products, alongside our engineering, data, and design teams.
Daily catered lunch in our SF office."
Product Manager - Monetization,"San Francisco, CA","Spin Product Managers build next generation transportation products, alongside our engineering, data, and design teams.
Daily catered lunch in our SF office."
Product Manager,"San Francisco, CA 94105 (Financial District area)","As the first Product Manager on the team, you will be the voice of business and analytics in the development of several features expected to drive millions of…"
Product Manager - Collections,"San Francisco Bay Area, CA","Are you our next Product Manager?
Tesorio is looking for a Product Manager to take over as the leader of this product.
What will I be doing?"
Product Owner / Product Manager,"Oakland, CA","Four (4) years experience in solutioning process/service metrics and reporting.
In addition to the responsibilities listed below, this position is responsible…"
Product Manager,"San Francisco, CA","Experience managing teams, product roadmaps, and investing in learning & development for product managers.
Monitor and improving on the key metrics around your…"
Product Manager,"San Francisco, CA 94104 (Financial District area)",You will collaborate with another Lodging Product Manager and our Engineering Manager to build a roadmap of projects for our team of 5-10 engineers.
Product Manager I,"Oakland, CA 94612","The Product Manager is responsible for the delivery of new features, functionality, and products that create compelling value to our customers and drive…"
Product Manager,"San Francisco Bay Area, CA","Work with development team to bring requirements to fruition as platform features.
1 to 5 years product management, development, or business analysis."
Product Manager,"San Francisco, CA","We’re seeking a senior product manager to join our fast-growing engineering, product, and design (EPD) team.
Be an owner of features and products, end to end."
"Product Manager, Growth","San Francisco, CA","Soups-to-nuts research, testing and launch of new consumer software products and features.
Indirectly managing or working closely with marketing, engineering,…"
Product Manager,"San Francisco, CA","You'll partner with teams across Plaid, especially closely with Engineering and Design, in order to do so.
You'll be responsible for defining the products that…"
Associate Product Manager (APM),"San Francisco, CA 94105 (Financial District area)","About the Associate Product Manager Program.
We partner with engineering, UX, data science, research, marketing, finance, and customer success allow us to…"
Product Manager- Portfolio,"San Francisco, CA","Interactive Entertainment seeks a Product Manager - Portfolio to join our mobile publishing team.
Lead research and user testing to validate and build…"
Product Manager,"Oakland, CA 94612",Defining the product and customer experience with high quality business requirements and user stories and manage scope of each product launch to deliver on time…
Contract Product Manager - IDEO U,"San Francisco, CA 94105 (Financial District area)","Analyze performance data and user feedback to inform product decisions and measure product performance.
IDEO U is looking for a Contract Product Manager."
"Product Manager, Online Grocery","San Bruno, CA 94066","As a Product Manager on the Online Grocery team, you will.
Work both tactically and strategically on a daily basis to deliver many features at a fast pace."
"WePay-Product Manager, Merchant Experiences","Redwood City, CA 94063","This is a confidential requisition.
Only specified candidates will be able to apply to this requisition."
Product Manager - FutureAdvisor,"San Francisco, CA 94105 (Financial District area)","Our Product Managers work with teams across design, engineering, client management, marketing, and broader BlackRock to create products advisors love and trust."
Product Development Assistant - Intimates & Hosiery,"San Francisco, CA 94108 (Financial District area)",Support Product Development team on all development activities as outlined in the go-to-market calendar Support product developer with data entry involving…
Senior Product Manager,"San Francisco, CA","You've worked with engineering teams and deployed credit, money-management, or insurance products.
A product manager at States Title identifies business and…"
Product Manager-Junior,"San Mateo, CA 94402 (Beresford area)","Creates and maintains product release plans in collaboration with the product owner.
Acts as a product evangelist to build training material and understanding…"
"Product Manager, Online Grocery","San Bruno, CA 94066","As a Product Manager on the Online Grocery team, you will.
Work both tactically and strategically on a daily basis to deliver many features at a fast pace."
"Product Manager, Hardware","San Francisco, CA","Metrics drive - be comfortable defining and analyzing metrics that inform the success of products.
Spin Product Managers on the hardware team develop our next…"
Product Manager,"San Francisco, CA","We’re currently looking for a product manager lead our growth and enterprise teams by collaborating closely with marketing, sales, engineering, and design."
Product Manager,"San Francisco, CA","Honed quantitative skills and ability to refine hypotheses by digging into user data and iteratively improving metrics.
What do Product Managers do at Charlie?"
Product Manager,"San Francisco, CA 94126 (Financial District area)","Analyze the user impact of product features and define key metrics for success.
We’re looking for an outstanding product manager to define the future of…"
Website Product Manager,"Oakland, CA","We are looking for a Website Product Manager to join our Marketing team in our Oakland, CA headquarters.
Own site conversion metrics and optimize the conversion…"
Product Manager,"Oakland, CA 94612","Experience navigating large matrixed engineering, quality engineering, product, product marketing, sales and client services organizations is highly desirable."
"Group Product Manager, Merchandising Systems","San Francisco, CA 94133 (Russian Hill area)","Group Product Manager, Merchandising Systems.
Lead the definition, prioritization and scoping of initiatives related to site search and other product finding…"
Product Manager,"San Francisco, CA","We are looking for an outstanding product manager who will collaborate closely with engineering, design, data science and logistics teams to drive our business…"
Product Manager - Restaurants Growth & Monetization,"San Francisco, CA 94102 (Downtown area)","We are looking for an experienced Product Manager to lead the restaurant growth and monetization effort.
At Yelp, you’ll have an opportunity to make a real…"
Product Manager,"San Francisco, CA","2+years experience building extraordinary solutions as a Product Manager.
Collaborate closely with engineering and design to ship and iterate for maximum impact…"
Product Manager - Checkout,"San Francisco, CA","Consistently deliver high-quality new products and features while improving the reliability of what already exists.
Serve as the domain expert for checkout."
Product Manager - Payments,"San Francisco Bay Area, CA","Are you our next Product Manager?
We’re looking for a Product Manager to lead this new initiative.
Define success and use qualitative and quantitative data to…"
"Product Manager, Crypto Investing (Cash App)","San Francisco, CA 94103 (South Of Market area)","Developed industry leading products that have gained a strong followership and product loyalty.
Limit orders, auto-invest), or building entirely new features…"
Product Manager,"Emeryville, CA 94608","Lead ideation, technical development and launch of new product features.
Define, analyze and execute on key product success metrics."
Product Manager,"San Francisco, CA","As a Product Manager, you will:
Occasional travel required, such as to customer sites, conferences, and/or other Fathom engineering offices."
Cleaning or Personal Care Product Development Manager,"San Francisco, CA 94109 (Nob Hill area)","As Grove’s Product Development Manager, you will own the creation of products from inception to go-to-market.
We're looking for a Product Development Manager to…"
Group Product Manager - Individual,"San Francisco, CA 94102 (Downtown area)",Significant experience with consumer features including launching 0→1 features and being a steward of large existing features.
Product Manager,"San Francisco Bay Area, CA","Experience driving product direction and the product management process.
3+ years of proven Product Management experience in software, video gaming, real money…"
Product Manager,"San Francisco, CA 94104 (Financial District area)","By month nine, you will be responsible for coming up with new ideas, prioritizing the backlog for features and experiments, creating specs for new features, and…"
Product Manager,"San Francisco, CA 94102 (Downtown area)","Interact with customers (including user groups and user interviews) to gain perspective on how your features are used.
What about all of these?"
Group Product Manager - Uber Works,"San Francisco, CA 94103 (South Of Market area)","Collaborate with operations, sales, user research, marketing, design, data science to figure out which products and features to build and deliver magical user…"
Product Manager,"San Francisco Bay Area, CA","Work closely with engineering to build the right capabilities;
Develop pricing and product positioning;
Market analysis, Product strategy, Business case and…"
Product Manager,"San Mateo, CA 94401 (North Central area)","Create product narrative, review engineering design docs, hold product features reviews.
As a Product Manager, you will lead the Abide app product strategy and…"
Associate Product Manager Rotational Program,"San Bruno, CA 94066","Walmart eCommerce has developed an Associate Product Manager rotation program that will train you in the essential Product Management skills, as well as give…"
Product Manager,"San Francisco, CA",Work closely with design and engineering from writing specs and user stories to pre/post release testing- doing whatever it takes to get things done and done…
"Group Product Manager, Checkout","San Bruno, CA 94066","Collaborate with the business, user experience and engineering teams during discovery to assess value, usability and feasibility of product features."
Product Manager,"San Francisco, CA 94103 (South Of Market area)","Participate with the Product and Engineering team in roadmap prioritization.
Do you love building inspiring and intuitive shopping experiences and creating…"
Product Manager,"San Francisco, CA 94107 (South Of Market area)","In this role you will contribute to the strategy and direction of our new and innovative product offerings, defining the features and solutions, and owning the…"
"Product Manager, Member Experience","San Francisco, CA","Work closely with design, engineering, data science and other cross-functional partners to prioritize features and ship products across the full product…"
Associate Product Manager,"Foster City, CA","While experiences may vary by candidate and business need, the program will include 2-4 rotations over 24 months working on high impact product opportunities…"
Product Manager,"San Francisco, CA",You'll work closely with the engineering and growth teams to improve the product and build new features that users want & love.
"Product Manager, OODAPay","San Francisco, CA","Own specific product features, develop detailed feature requirements, and collaborate with our engineering team to execute those requirements."
"Product Manager, Google Cloud","San Francisco, CA 94105 (Financial District area)","Launch new products and features, test their performance, and iterate quickly.
As a Product Manager at Google, you could be working on new technologies,…"
"Principal Product Manager, Data","San Francisco, CA 94105 (Financial District area)","Sephora's curated assortment features more than 14,000 products including makeup, skin care, perfume, hair care, body, professional tools and more."
"Product Manager, Customer Experience","San Bruno, CA 94066","Collaborate with the business, user experience and engineering teams during discovery to assess value, usability and feasibility of product features."
Product Manager - Primary Law and Secondary Sources,"Oakland, CA 94607 (Acorn-Acorn Industrial area)","Collaborate with a cross-functional team of CEB leadership, product management, engineering (internal & development partners and contractors), marketing, sales,…"
Product Manager,"San Francisco, CA 94107 (South Of Market area)","We are looking for a product manager who loves the discipline of product management.
An example project might be to reconceptualize the user experience for…"
"Product Manager, Business, Analytics, and Metrics","San Francisco, CA","CS or similar degree so you can effectively communicate with our engineering team.
You will also work with our business development and sales teams to figure…"
Product Manager,"San Francisco, CA","Work closely with our product manager, engineering team, designer and stakeholders to define UX and product goals and the user experience."
Product Manager,"San Francisco, CA","As a Product Manager you’ll team closely with engineering and designers as your key partners to:
Product history of working and collaborating closely with…"
Product Manager (Growth),"San Francisco, CA","As Product Manager, you will be responsible for defining, planning, and executing on new product features to improve Omada's outreach, enrollment and…"
Product Manager,"San Francisco, CA 94104 (Financial District area)","Managing the Software Development Life-cycle from planning to tactical activities for your assigned features.
Understanding of technical concepts, architecture,…"
"Manager, Product Development, Color, KVD","San Francisco, CA 94105 (Financial District area)","Our product quality is a reflection of ourselves.
Partner with packaging counterpart to assist with brush/applicator development and testing, then synthesize…"
Product Manager,"San Francisco, CA","The Product Manager is an empathetic communicator and working closely with editorial, engineering, marketing, and revenue (corporate support, foundations,…"
Product Manager,"San Francisco, CA",Work closely with design and engineering from writing specs and user stories to pre/post release testing- doing whatever it takes to get things done and done…
Product Manager,"Redwood City, CA","Work cross functionally with design, product, data analytics, and engineering to lead ideation, creation, and launch new monetization related content and…"
"Manager, Product","San Francisco, CA",The Product Manager is a very important role in the Operations team as they are responsible for our exceptional product being ready and available for…
"Product Manager, Expert","San Francisco, CA 94105 (Financial District area)","Master’s degree in business, engineering, or related field.
All qualified applicants will receive consideration for employment without regard to race, color…"
Product Manager,"San Francisco, CA 94102 (Downtown area)","As a Product Manager at Snapdocs you will own one of our strategic product goals.
You can think in terms of the big picture, but also get your hands dirty with…"
Associate Product Manager,"San Francisco, CA","Adyen is seeking a highly motivated, influential program manager to establish and expand mutually beneficial partnerships between Adyen and Financial Partners…"
Product Manager (Member Communications),"San Francisco, CA","Clearly communicate product ideas, user value, and benefits to our users and internal stakeholders;
You can properly evaluate the success or failure of features…"
"Product Manager, Employee Experience","Redwood City, CA 94065","Provide oversight and coaching to less senior team members, including detailed quality reviews Bridge decisions, issues and focus of various products to ensure…"
Product Manager,"Oakland, CA",You'll collaborate with the Design and Engineering teams to craft and translate user requests into feature and product workflows and requirements.
"Product Manager, Notifications","San Francisco, CA 94103 (South Of Market area)","As the Product Manager for our Notification Programs, you will work closely alongside engineering and design teams to define and manage innovative new product…"
Product Manager,"San Francisco, CA","They willconsult with domain architects, User Experience, store operations teams, andother Product Managers and then partner with software engineering teams…"
Product Manager,"San Francisco, CA","Cognizant Digital Engineering – Product.
Management, and enjoy helping others mature as seasoned product managers.
You’re passionate about your product."
Product Manager,"San Francisco, CA 94105 (Financial District area)","Work closely with user experience design and engineering teams to refine, test and build experiences.
Define, monitor and analyze metrics for launched product…"
Product Manager,"San Francisco, CA 94107 (South Of Market area)","Work with design, engineering, and marketing teams to implement and build new product features that deliver great solutions for our renters and owners."
Associate Product Manager,"San Mateo, CA 94404","Working with our engineering teams to bring the product to life.
To upgrade and access new innovations and features constantly.
Join us and make shift happen!"
"Product Manager II, Payments","San Francisco, CA","Drive complex new Payment features and capabilities and highlight progress through regular updates and product reviews.
Bachelor’s degree required, MBA a plus."
"Product Manager, eCommerce","San Francisco, CA 94111 (Financial District area)","You will work closely with engineering, project management, design, operations, finance, legal, business development, customer service, and executive teams to…"
Product Manager - Customer Support,"San Francisco, CA","Set the vision for customer support tools and experiences and drive product development from small features to entirely new products.
Perks of being a Cruiser."
Product Manager,"San Francisco, CA 94105 (Financial District area)","As a Product Manager at WalkMe, you will own the strategy and vision for WalkMe's products and services from conception to release whilst driving the complete…"
LB - Product Manager,"South San Francisco, CA 94080","Gathering and prioritizing product and customer requirements, defining the product vision, and working closely with engineering, sales, marketing and support to…"
Associate Product Manager,"San Francisco, CA 94104 (Financial District area)","Degree in a quantitative discipline (CS, Engineering, Math, Econ, etc.).
As an Associate Product Manager at Pocket Gems, you'll manage the product life-cycle…"
Associate Product Manager,"Oakland, CA 94612","2+ years of Product Management or engineering role.
Drive LISNR products and platform - SDK, service, infrastructure and user experiences globally."
Product Manager,"San Francisco, CA","Meet with clients to understand their current needs for improvements to the product or to demonstrate new features.
2 years of software engineering experience."
Product Manager: Ecosystem,"San Francisco, CA",Are you an obsessively user-focused product manager or startup founder who loves working with deeply technical products in a high stakes and highly dynamic…
Hardware Product Manager,"San Francisco, CA 94103 (South Of Market area)","You will identify new product opportunities, translate those opportunities into product requirements and work with a best in class design, engineering, and…"
"Senior Product Manager, GovTech","San Francisco Bay Area, CA","In this role, you will work closely with our Engineering, Design, Government Relations, and Operations teams to define how our technology helps cities…"
Senior Product Manager - WEC,"San Bruno, CA 94066","Drives the product discovery process for large complex, and/or ambiguous projects by collaborating with the business, User Experience, and Engineering teams…"
"Product Manager, Stitcher","San Francisco, CA",Analyze product usage data in order to improve key product metrics such as retention and engagement as well as key monetization metrics like ARPU and Premium…
Product Manager,"San Francisco, CA 94103 (South Of Market area)","Develop Product Requirements and work with engineering to define and execute features and delivery schedules.
Experience with new product definition."
Product Manager,"Redwood City, CA","The Product Manager is responsible for producing detailed documents which customers will use to understand what the product does, and Engineering will use to…"
"Associate Product Manager, Modeling and Analytics for Invest...","San Francisco, CA","Analyze quantitative and qualitative data to help prioritize bugs and features.
1-2 years of experience working at a software company in engineering, product…"
"Product Manager, Retention","San Francisco, CA","Collaborate with your cross-functional team of Design, User Experience, Engineering, QA, and Content to bring product to market.
Get more out of Rocket Lawyer!"
