,Review Text,Review Date,Star Ratings,Review Website,Brand Name
0,"Yes, the HTX variants of Kia Seltos has music system installed in it.","On: Dec 17, 2019 | 749 Views",,www.cardekho.com,Kia Seltos
1,"I am proud of the owner of the Kia Seltos HTK+ petrol variant, it is the most comfortable car in its segment as well as has great driving and handling characteristics. Ki...Read More","On: Dec 17, 2019 | 315 Views",,www.cardekho.com,Kia Seltos
2,"This is the most beautiful car, The design of the Kia Seltos is much richer and newer than other SUV vehicles in India, as well as being sporty. Very good quality has bee...Read More","On: Dec 18, 2019 | 141 Views",,www.cardekho.com,Kia Seltos
3,"The price-performance ratio is better than MG, Creta and other opponents as its size and modern features are very reliable. The wireless charger is also not a common feat...Read More",,,www.cardekho.com,Kia Seltos
4,,,,www.cardekho.com,Kia Seltos
5,,"Nov 14, 2019 3:31:34 PM",,www.cardekho.com,Kia Seltos
6,I have purchased Seltos HTK PLUS Diesel Automatic car is good in handling and running on roads. But there are some problems in quality car doors is very lightweight inside material is also not so premium as I was thinking. The average is also not so good. The audio system is very awesome with mood lighting features. seats are very comfortable but t...Read More,"Oct 23, 2019 12:49:07 PM",,www.cardekho.com,Kia Seltos
7,"I have this car, it's awesome, I am using this car last three months, I haven't felt any problem and it's very good at driving and price-wise it's really good amazing features, a stylish look which makes it perfect. Read More","Jul 31, 2019 4:59:27 PM",,www.cardekho.com,Kia Seltos
8,"Seltos is good, but they need to lower the budget but the car and it is a high-class luxury car. The handling is also very smooth, pickup speed is also superb, the AC cooling is good and superb brakes. But the airbags must be more so that it will ensure safety of the people. Read More","Expected Launch: Jan 01, 2020",,www.cardekho.com,Kia Seltos
9,Very good car and smoothness of the car is nice and features of the car are awesome. The car looks like an SUV and nice-looking exteriors.,"Expected Launch: Jun 01, 2020",,www.cardekho.com,Kia Seltos
10,Seltos is an awesome and comfortable car with low maintenance and low price. The facilities available are good looking at high range.,"Expected Launch: Dec 01, 2021",,www.cardekho.com,Kia Seltos
11,This is a very nice car and the features are very good. People must buy this car. The seats are very nice as well.,"Expected Launch: Oct 15, 2020",,www.cardekho.com,Kia Seltos
12,"Good space and excellent comfort, safer, looks are bold and stylish. The best car in this budget for a small family.","Expected Launch: Jun 01, 2020",,www.cardekho.com,Kia Seltos
13,An awesome and classy car with its amazing features and beautiful and classy look. No other car in this range can give take over to Kia Seltos. This is my humble request to Kia to introduce more cars like this and keep going like this. Read More,"On: Dec 15, 2019 | 384 Views",,www.cardekho.com,Kia Seltos
14,"A compact SUV with the styling, features, and tech to really hit the sweet spot as far as what customers are looking for.","On: Dec 14, 2019 | 49 Views",,www.cardekho.com,Kia Seltos
15,Nice car with suitable features and the cost is also reasonable but the thing is availability. It's not available at all places.,"On: Dec 14, 2019 | 74 Views",,www.cardekho.com,Kia Seltos
16,"Nice car and the design was too awesome. This is the awesome entry of Kia in India. It includes a bose speaker which is too good. In India, this is a first car comes inbuilt bose speakers which are a pretty good thing about the car. The interior was also a good highlight and the exterior was also good. At this price, the car is too good. Read More","On: Dec 15, 2019 | 12 Views",,www.cardekho.com,Kia Seltos
17,Nice car with a lot of features including 360 camera facilities and lot of things which are given the first time in any vehicle in India with low cost and vehicle comfort is high and performance is also good cc is excellent and so on etc enjoy Hia motors enjoy Kia Seltos. Read More,"On: Dec 14, 2019 | 24 Views",,www.cardekho.com,Kia Seltos
18,"Well, a featured car with full specifications and well likable also, I love to ride this car every time and the main part is that it is suitable for every type of person. Read More","On: Dec 14, 2019 | 14 Views",,www.cardekho.com,Kia Seltos
19,"This car is a very good choice at this price, body, look, maintenance and service, everything is maintained by Kia India.","On: Dec 14, 2019 | 16 Views",,www.cardekho.com,Kia Seltos
20,The great car really with great interiors and full of new functionality which we haven't seen in any other car in India. Very much spacious and looks amazing.,"On: Dec 14, 2019 | 57 Views",,www.cardekho.com,Kia Seltos
21,"The Kia Seltos is one of the most eagerly anticipated launches for the year 2019. But before Kia Motors announces the price of the Seltos, we were invited to take the compact SUV for a spin around the streets of Goa. Read More","On: Dec 14, 2019 | 21 Views",,www.cardekho.com,Kia Seltos
22,The excellent new designs and the world's most beautiful car has already buzzed the market. ,"On: Dec 14, 2019 | 24 Views",,www.cardekho.com,Kia Seltos
23,Very nice car and very comfortable seats with powerful brakes. The interiors and its seating arrangement are also amazing. Available at affordable prices.,"On: Dec 14, 2019 | 235 Views",for HTE G,www.cardekho.com,Kia Seltos
24,A very comfortable and smooth vehicle. The gear-box is very smooth.,"On: Dec 14, 2019 | 96 Views",,www.cardekho.com,Kia Seltos
25,Amazing car with ultimate colors.,"On: Dec 14, 2019 | 41 Views",,www.cardekho.com,Kia Seltos
26,"The Kia Seltos is good in every possible way, but there is a huge downside to the Seltos in case of pricing, where the vehicle is manufactured in Andhrapradesh the prices must be a bit low as all the other rival are priced very less in spite of manufacturing out of India. There is one thing Kia should implement which is it should provide the essent...Read More","On: Dec 14, 2019 | 20 Views",,www.cardekho.com,Kia Seltos
27,"Kia entered the Indian market with the SELTOS the one which shook the Hyundai CRETA and takes the first position in the compact SUV segment. It is offered with a 10.25-inch touchscreen display, KIA's UVO connects, air purifier, sunroof, and HUD(Heads Up Display). The car has three engine options all of them available either in manual or automatic t...Read More","On: Dec 14, 2019 | 103 Views",,www.cardekho.com,Kia Seltos
28,"Good experience while seating on driver seat. It is like, this is the car I was waiting for. It has a 4-star quality, being a middle-class 1 star less for price.","On: Dec 14, 2019 | 1092 Views",,www.cardekho.com,Kia Seltos
29,Best of 2019 just because it has extra features and good looking interior and exterior design.,"On: Dec 14, 2019 | 67 Views",,www.cardekho.com,Kia Seltos
30,"Best in class, good infotainment system, smooth driving and feels like a premium one. For only who can afford it.","On: Dec 14, 2019 | 70 Views",,www.cardekho.com,Kia Seltos
31,The affordable SUV car is so comfortable and it has many functions. It has a sunroof as well. Also available at the cheapest rate as compared to the Venue.,"On: Dec 14, 2019 | 67 Views",,www.cardekho.com,Kia Seltos
32,I love the interior of this car This is perfect for the family and It is an affordable good looking car. The front-facing is superb.,"On: Dec 13, 2019 | 47 Views",,www.cardekho.com,Kia Seltos
33,"It's a nice car and really worth the price. It looks fantastic when it runs like a cheetah on the road. Talking about the safety of the car, absolutely safe car. Power and horsepower are really very powerful. Boot space is also very huge. Radio screen of 8 inches looks perfect and the speakers of BOSE give a clear voice and it has mood light also w...Read More","On: Dec 13, 2019 | 1754 Views",,www.cardekho.com,Kia Seltos
34,"The car gets at the top speed in no time, it is a great car to get the money worth. The Seltos is amazingly featured as well.","On: Dec 13, 2019 | 473 Views",,www.cardekho.com,Kia Seltos
35,This car is very excellent in this price range because in this car there are more additional features.,"On: Dec 13, 2019 | 55 Views",,www.cardekho.com,Kia Seltos
36,"Yes, the HTX variants of Kia Seltos has music system installed in it.","On: Dec 13, 2019 | 48 Views",,www.cardekho.com,Kia Seltos
37,Very Nice car and feels like luxurious looking XUV. Very comfortable and amazing features. ,"On: Dec 13, 2019 | 43 Views",,www.cardekho.com,Kia Seltos
38,SELTOS HAS GIVEN A BIG COMPETITION TO HYUNDAI CRETA IN THIS SEGMENT. THE KIA IS ABSOLUTELY THE KING.,"On: Dec 13, 2019 | 47 Views",,www.cardekho.com,Kia Seltos
39,"Such an Impeccable Machine with flawless drive, Indomitable power, eye-catching design, and Hushed Engine. Its a feeling of some luxury segment at very competitive pricing. Moreover Interior is just mind-blowing with such soothing acoustic sound. Pocket-friendly for all mileage concern buyers as it easily churns 18 km-22 km per liter depending on c...Read More","On: Dec 13, 2019 | 38 Views",,www.cardekho.com,Kia Seltos
40,"Wonderfull look this car has, interiors are mind-blowing. This car is fully loaded with multiple features.","On: Dec 13, 2019 | 358 Views",,www.cardekho.com,Kia Seltos
41,I had fun while test driving the demon. A good one with awesome driving excellence. Great build quality and control.,"On: Dec 13, 2019 | 58 Views",,www.cardekho.com,Kia Seltos
42,"This car is a very silent and very nice car. It has many new, useful features. Quite spacious as well.","On: Dec 13, 2019 | 53 Views",,www.cardekho.com,Kia Seltos
43,"A car that is built to conquer the mid-size SUV segment. With all the bells and whistles coming in terms of features and power(1.4 turbo petrol) combined with the variety to choose from, be it types of transmission options and varients and also color options, made to be unique for almost every masterpiece made making it an extreme value for money p...Read More","Expected Launch: Jan 01, 2020",,www.cardekho.com,Kia Seltos
44,"The Kia Seltos has a very different design, and very much comfortable. ","Expected Launch: Jun 01, 2020",,www.cardekho.com,Kia Seltos
45,Great performance with dashing looks.,"Expected Launch: Dec 01, 2021",,www.cardekho.com,Kia Seltos
46,"The car looks like SUV but not the real SUV. The petrol engine never makes any noise but here I can see unexpected things. IVT is lazy. Manual petrol and 1.4 is good. Diesel major looks difference from petrol even the grill and the bumper not matching with. Petrol 1.4 and diesel have all the disc brake, not the other petrol. Bose speaker is only av...Read More","Expected Launch: Jun 01, 2020",,www.cardekho.com,Kia Seltos
47,"Very excellent car, the look of the car is impressive and the ride and handling quality is awesome. The interior of the car is so classy, every look of car is so commendable. The color combinations of the car are too good. The alloy of car is mind-blowing and boot space is very much spacious. Read More","Expected Launch: Oct 15, 2020",,www.cardekho.com,Kia Seltos
48,Very good car with a fantastic front look and have a great boot space. Have sufficient leg space at the back.,"On: Dec 12, 2019 | 46 Views",,www.cardekho.com,Kia Seltos
49,"Fully feature-loaded SUV. Kia has done excellent work for Indian customers. 5-star for its look, features, and performance.","On: Dec 12, 2019 | 49 Views",,www.cardekho.com,Kia Seltos
50,"I'm driving the Kia Seltos HTK+ Diesel model. Overall the car is best. I have driven it 6500kms, but still no issue. Pick up is great. Mileage is around 21kms also best on bad roads. The car is best on curve road to have great grip. Infotainment is good. Some issues with Android Auto gets disconnected within1hr. But with a software update, it will ...Read More","On: Dec 12, 2019 | 919 Views",,www.cardekho.com,Kia Seltos
51,It's a pleasure to sit in the car and treats me like a king.,"On: Dec 12, 2019 | 48 Views",,www.cardekho.com,Kia Seltos
52,Smooth driving and luxurious car.,"On: Dec 12, 2019 | 44 Views",,www.cardekho.com,Kia Seltos
53,"Satisfying ride, comfortable seats, powerful beast. I tried other cars in the same price range but no one was comforting as this one.","On: Dec 12, 2019 | 46 Views",,www.cardekho.com,Kia Seltos
54,Most popular car in the world because of looks. Its look is very good and has many features that contain In-car 50-liter storage to fill tanks and many features. This car drives smoothly and this car is best for buying. Read More,"On: Dec 12, 2019 | 205 Views",for HTK Plus G,www.cardekho.com,Kia Seltos
55,I just bought the one but the mileage of the car is not satisfactory. It doesn't give more than 12km/ltr.,"On: Dec 12, 2019 | 35 Views",,www.cardekho.com,Kia Seltos
56,"New in the Indian market, Kia Seltos is everything that one needs in a mid-size SUV. Value for money, indeed.","On: Dec 12, 2019 | 40 Views",,www.cardekho.com,Kia Seltos
57,"Fantastic tuned engine, hi-tech entertainment system, great build quality, comfortable seats and decor, first time ever air filters in the car and brilliant suspension. I have been driving Seltos HTX Diesel for 1000 km now and the car never ceases to surprise. More airbags could have helped and the rear seat could have been a bit longer for support...Read More","On: Dec 12, 2019 | 721 Views",,www.cardekho.com,Kia Seltos
58,"Good car with the futuristic and latest tech, appealing to masses especially gen x,y, and z. Looks sturdy, has road presence and a differentiator when runs on the road, a masculine look which is attracting most of the young people. Multiple variants and both manual and auto transmission options make it a top seller. The only area where it needs to ...Read More","On: Dec 12, 2019 | 97 Views",,www.cardekho.com,Kia Seltos
59,"It's a good looking car, nice performance, comfort level is good and luxurious. The interior is very attractive and of good quality.","On: Dec 11, 2019 | 54 Views",,www.cardekho.com,Kia Seltos
60,"Very good car in budget with the best performance, low maintenance and undoubtedly controlling is also very well.","On: Dec 11, 2019 | 58 Views",,www.cardekho.com,Kia Seltos
61,"A very good car, in this price tag they gave all premium interiors but the only thing petrol DCT transmission heats up.","On: Dec 11, 2019 | 188 Views",,www.cardekho.com,Kia Seltos
62,These new entrants are not as per the safety norms. Only features and comprising on safety. People in India are not looking at safety ratings while purchasing a car like playing with life. This is well understood by these vehicle manufacturers and hence they are putting only features. I think safety should be first. Read More,"On: Dec 11, 2019 | 55 Views",,www.cardekho.com,Kia Seltos
63,"If we talk about the overall ratings of Seltos, no one can give a proper review. When I started the engine, the sound was so negligible that I cannot tell you the silence in the cabin. The power to thrust ratio is well explained in this Car. Even if you scale at 3rd gear. The engine seems to be smooth and amazing. I would suggest Seltos over The He...Read More","On: Dec 11, 2019 | 64 Views",,www.cardekho.com,Kia Seltos
64,"The car is great at handling and suspension is set good for the Indian roads. Good design in exterior as well as interior, The engine shows good aggressiveness in the real world. Offroad experience is good too because of the suspension and the projector headlights. The space that the car offers in the second row and in the boot is pretty good. The ...Read More","On: Dec 11, 2019 | 45 Views",,www.cardekho.com,Kia Seltos
65,"Excellent SUV with modern technology, style, performance, handling, comfort. Perfect vehicle by Kia. Impressed with the long list of features including Head's up display, Air purifier, 360 camera with the blind-spot camera. Kia plays a key role in the Indian market. Read More","On: Dec 11, 2019 | 296 Views",,www.cardekho.com,Kia Seltos
66,"Kia Seltos is providing all features in under 10 lakh price range. An awesome car as compared to other cars. Mostly, getting all the safety features in this car.","On: Dec 11, 2019 | 78 Views",,www.cardekho.com,Kia Seltos
67,"Yes, the HTX variants of Kia Seltos has music system installed in it.","On: Dec 11, 2019 | 48 Views",,www.cardekho.com,Kia Seltos
68,Seltos is a big hit in India. Kia released their first car and got a massive hike. The horsepower and 1-liter turbo charge is just lit. It became the fourth largest car producing companies in India already. The screen in the car is just awesome and should've got panoramic sunroof competing for the MG Hector. The speed is pretty good. Read More,"On: Dec 11, 2019 | 2238 Views",,www.cardekho.com,Kia Seltos
69,The best car in the segment and is quite affordable.,"On: Dec 11, 2019 | 222 Views",,www.cardekho.com,Kia Seltos
70,Great design and silent cabin with good ground clearance. Comfortable to drive for longer travel.,"On: Dec 11, 2019 | 75 Views",,www.cardekho.com,Kia Seltos
71,I had a test drive and the performance and comfort were good. The riding position should have been better.,"On: Dec 11, 2019 | 58 Views",,www.cardekho.com,Kia Seltos
72,This car is unbelievable due to its features and looks it has.,"On: Dec 11, 2019 | 42 Views",,www.cardekho.com,Kia Seltos
73,Best experience with new Kia. Fully loaded with Hi-Tech features. Enjoying the drive as this is the most amazing car ever.,"On: Dec 11, 2019 | 187 Views",,www.cardekho.com,Kia Seltos
74,A fabulous car which is very much extra-ordinary.,"On: Dec 11, 2019 | 162 Views",,www.cardekho.com,Kia Seltos
75,Really an amazing car and a very smooth car.,"On: Dec 10, 2019 | 88 Views",,www.cardekho.com,Kia Seltos
76,The Kia Seltos is a bit more expensive but offers a lot more for it in terms of safety and features. It is well worth the premium over the MG Hector,"On: Dec 10, 2019 | 83 Views",,www.cardekho.com,Kia Seltos
77,The most beautiful car than other companies currently in India. I don't know much about this company but this is the best car for everyone because this is a very powerful car and the model is very nice looking and indicators are comparing with Audi and the price is very suitable than other companies. Read More,"On: Dec 10, 2019 | 73 Views",,www.cardekho.com,Kia Seltos
78,"This is actually the best offering in the current price range. People have been cribbing about features, well then pay for it! You forget it's technically not an Indian company, so taxes are more! The range-topping GTX+ model which now also comes in both petrol and diesel comes with features that none of the vehicles in the current market offer. 6 ...Read More","Expected Launch: Jan 01, 2020",,www.cardekho.com,Kia Seltos
79,"Kia Seltos is the one in a class after much-awaiting finally release this car with all the most useful features. Kia Seltos the car with ease. The vehicle drives very smooth and you can get very attached and comfortable within its first 5 seconds of the drive. Interior is refreshing, the led wall is a gem. Smooth drive brings you comfort. Looks are...Read More","Expected Launch: Jun 01, 2020",,www.cardekho.com,Kia Seltos
80,"Kia Seltos is a very spacious car and the interiors are awesome. Very good ground clearance is very good. Seating capacity is 5, engine power is boosted. The pick up is very good. Mileage is ok. Read More","Expected Launch: Dec 01, 2021",,www.cardekho.com,Kia Seltos
81,The Kia Seltos is very excellent in looks. Its alloy wheel looks great and the front fog lamps and big headlights with DRLs looks are pretty much fascinating. This mid-size SUV is too good in this range. Kia Seltos is better than MG Hector and Hyundai Creta. Kia Seltos's front view is looking aggressive and side view of Seltos is just amazing. Read More,"Expected Launch: Jun 01, 2020",,www.cardekho.com,Kia Seltos
82,It looks very different as it has a sunroof and is a five-seater car. The boot space is also bigger than other cars.,"Expected Launch: Oct 15, 2020",,www.cardekho.com,Kia Seltos
83,"Best in the segment car and strongly suggest you take a good long hard look at the Kia Seltos. It's a compact SUV that looks super promising, offers a lot and from our first drive experience and felt the moment. Read More","On: Dec 10, 2019 | 77 Views",,www.cardekho.com,Kia Seltos
84,"Kia Seltos is a nice car and also getting good legroom, headroom and overall spacious car. Kia is one of the best companies which offers a passenger vehicle with all the best possible features. Read More","On: Dec 10, 2019 | 44 Views",,www.cardekho.com,Kia Seltos
85,Best in class and very cool engine and best breaking system good engine sound interior has very good finishing.,"On: Dec 10, 2019 | 47 Views",,www.cardekho.com,Kia Seltos
86,Looks are definitely the best. But it lacks good suspension. It's a little bit hard. It gives a very premium feel while I enter in it. Full of features.,"On: Dec 10, 2019 | 42 Views",,www.cardekho.com,Kia Seltos
87,"Very good car in terms of technology and ride experience, but if it was fuel electric it would have been much better.","On: Dec 10, 2019 | 44 Views",,www.cardekho.com,Kia Seltos
88,"Excellent Features and at par with luxury cars like BMW and Benz etc. I was using Ford Ecosport which was much stronger than Kia Seltos. Transmission temperature increases and you are forced to stop in traffic. Except for the strength and heaviness of the car, looks-wise It is very elegant. Read More","On: Dec 10, 2019 | 68 Views",,www.cardekho.com,Kia Seltos
89,"Looking nice and has a good performance as well. One of the best SUV of the current time, autonomous and voice control are amazing.","On: Dec 10, 2019 | 58 Views",,www.cardekho.com,Kia Seltos
90,This car is really very good at having a very excellent performance. I love this car because of its awesome interior and very good features at very low rates.,"On: Dec 10, 2019 | 60 Views",,www.cardekho.com,Kia Seltos
91,Perfect car of the year loved all its features in this car. No car can beat the accessories the technology provided in this car.,"On: Dec 10, 2019 | 61 Views",,www.cardekho.com,Kia Seltos
92,Excellent features are loaded like premium cars. The look is great and awesome Cost is very competitive in the SUV segment.,"On: Dec 10, 2019 | 222 Views",,www.cardekho.com,Kia Seltos
93,"This car is just amazing with a bunch of features and this is the best in-car segment, it is just amazing for youngsters.","On: Dec 09, 2019 | 2121 Views",,www.cardekho.com,Kia Seltos
94,The interior and exterior are very nice and beautiful.,"On: Dec 09, 2019 | 428 Views",,www.cardekho.com,Kia Seltos
95,It's the best car in the price range and gives me the phenomenal performance that an SUV owner wants. It's my pleasure to have a Kia in my house. This car has an outstanding fuel economy compared to other car. The car comes with a good dynamic look and with outstanding features that will help you in your daily life. The car comes with a sunroof tha...Read More,"On: Dec 08, 2019 | 690 Views",for GTX Plus AT D,www.cardekho.com,Kia Seltos
96,Great features the car has. Amazing mileage and great performance.,"On: Dec 10, 2019 | 95 Views",,www.cardekho.com,Kia Seltos
97,"Well, this car is one of the best premium SUVs you can buy today, with features like air purification and the mirrors that show the side view of the car for an added layer of safety. It's the best mid-sized SUV you can buy. Interiors give it a premium look, and yes drives like a charm. Read More","On: Dec 09, 2019 | 42 Views",,www.cardekho.com,Kia Seltos
98,"Yes, the HTX variants of Kia Seltos has music system installed in it.","On: Dec 09, 2019 | 74 Views",,www.cardekho.com,Kia Seltos
99,I am a big fan of Kia. When I was in South Korea my brother bought a Kia optimum. When Kia launched its first car Seltos in India. I bought that. And I am very happy to buy this car. Its mileage is OMG! Very very good. The pickup is very good. It's very smooth. It looks very sharp. And it is as comfortable as a Jaguar. And successfully it is the to...Read More,"On: Dec 09, 2019 | 98 Views",,www.cardekho.com,Kia Seltos
100,I like every part of the Kia Seltos as the seats are very comfortable. The look is superb. The speedometer is stylish. The red colour is best Kia Seltos has multiple engine options as I want. This car is available in petrol as I want a petrol car. All engine has an automatic gearbox. The car has air purifier Car has a Bose sound system. Connect car...Read More,"On: Dec 09, 2019 | 60 Views",,www.cardekho.com,Kia Seltos
101,"Great car in the SUV segment and worth buying. The interior looks top-notch. Also, you get a smooth feeling while driving. I did a test drive and it feels wonderful. Highly recommended. Read More","On: Dec 09, 2019 | 64 Views",,www.cardekho.com,Kia Seltos
102,"Awesome car, with best in class, Bose music system and the front grill of the car is also amazing along with the day time running LED.","On: Dec 08, 2019 | 42 Views",,www.cardekho.com,Kia Seltos
103,"This car looks amazing and also has a 360-degree camera view, which is very rare.","On: Dec 08, 2019 | 80 Views",,www.cardekho.com,Kia Seltos
104,"Kia Seltos is the best in class, comparatively, it's not a box, the base variant is also carrying all necessary features. The music system and multifunction steering are available in all models. Read More","On: Dec 08, 2019 | 40 Views",,www.cardekho.com,Kia Seltos
105,It comes with awesome features. Its automatic gear shifting is smooth and seats are very comfortable. All windows are also automatic. ,"On: Dec 08, 2019 | 41 Views",,www.cardekho.com,Kia Seltos
106,"This is a car I was looking for and the features of this car are amazing. It's comfortable on Indian roads. This car has every feature, which an ideal car should have. Not only the interior is great, but the exterior is also commendable. Read More","On: Dec 08, 2019 | 44 Views",,www.cardekho.com,Kia Seltos
107,"The car looks like a beast and the engine power is great, the Bose sound system is top-notch, and the 360-degree camera view is very helpful.","On: Dec 08, 2019 | 40 Views",,www.cardekho.com,Kia Seltos
108,"According to me, Kia Seltos is best. Best in Comfortable, best in mileage, best in look. In short, an amazing car.","On: Dec 08, 2019 | 36 Views",,www.cardekho.com,Kia Seltos
109,"Superb sound quality sound system and excellent future car. Mind-blowing look, low price best design. Segment 1st Smart Heads-Up Display. World's 1st SmartPure Air Purifier. Bose Premium Sound System with 8 speakers & LED Sound Mood lights with straight Line designs and World-Class Quality. Read More","On: Dec 08, 2019 | 39 Views",,www.cardekho.com,Kia Seltos
110,The look is best. And the interior is awesome And technology is mind-blowing by comparison to another car like MG Hector and others. The engine power of the KIA Seltos is best. And the drive is very smooth. The KIA Seltos have soo much Space for comfort setting.  And also have soo much function on the dashboard. The dashboard of the KIA Seltos is f...Read More,"On: Dec 08, 2019 | 64 Views",,www.cardekho.com,Kia Seltos
111,The smoothest experience I have ever had was in this car. So much of class and performance in this car I just loved it.,"On: Dec 08, 2019 | 37 Views",,www.cardekho.com,Kia Seltos
112,Kia is the best car that is safe & smooth. Available at the best price.,"On: Dec 08, 2019 | 51 Views",,www.cardekho.com,Kia Seltos
113,Awesome car with a Bose music system. Far better than Hyundai's Creta. Great riding experience with KIA and within the budget.,"Expected Launch: Jan 01, 2020",,www.cardekho.com,Kia Seltos
114,"Amazing driving experience being a cousin of Hyundai, Kia gives more money value but MG has better space and features.","Expected Launch: Jun 01, 2020",,www.cardekho.com,Kia Seltos
115,"Amazing features, excellent road presence with safety features and comfort within the budget.","Expected Launch: Dec 01, 2021",,www.cardekho.com,Kia Seltos
116,Great car with multiple features. Highly recommended.,"Expected Launch: Jun 01, 2020",,www.cardekho.com,Kia Seltos
117,"It's a good product from Kia. It is a great allrounder in all aspects. It's a clear rival for segment leader Creta. Seltos is a great car, balancing pocket and commendable performance. Even it proved that it's far better than India's most awaited SUV Hector from MG motors. Ultimately its a great start to Kia in India. Read More","Expected Launch: Oct 15, 2020",,www.cardekho.com,Kia Seltos
118,"Kia Seltos is an awesome car with a great look. Also, getting average mileage in this vehicle.  ","On: Dec 08, 2019 | 986 Views",,www.cardekho.com,Kia Seltos
119,"The car looks amazing, The DRL's are attractive and the touch screen display has a really good response; but the car couldn't get 5 stars as the speedometer and the touch display could be more stunning which would upgrade the interior to a whole another level; Even though the dual-tone interior is interesting. The design of the car will stand out a...Read More","On: Dec 07, 2019 | 477 Views",,www.cardekho.com,Kia Seltos
120,"The car is awesome. I bought the Seltos 1.4T GTX Plus Manual and the engine & gearbox are really smooth which delivers an unbelievable power. The cabin of the car is so well built that all the buttons and switches are at your fingertips. 360-degree camera, Blindspot view, Bose speakers, Ventilated seats and HUD makes the car superb. NVH levels are ...Read More","On: Dec 07, 2019 | 1556 Views",,www.cardekho.com,Kia Seltos
121,"Amazing experience, however, a bit expensive when compared to MG Hector. It is very spacious and is affordable.","On: Dec 07, 2019 | 65 Views",,www.cardekho.com,Kia Seltos
122,Kia Seltos is the Beautiful Compact SUV. It is the best car in the 10 lac budget range.,"On: Dec 07, 2019 | 49 Views",,www.cardekho.com,Kia Seltos
123,"Car is very comfortable and has classy looks. I have purchased Kia Seltos GTX+ DCT in the month of October from Pune dealer. I have been around for three weeks. But since the very first day, I noticed a very annoying sound coming from rear of the vehicle. I have tried all possible things like removing all lose attachments and items from the car but...Read More","On: Dec 07, 2019 | 129 Views",,www.cardekho.com,Kia Seltos
124,Pickup and mileage are amazing. The comfort level up to the mark.,"On: Dec 07, 2019 | 56 Views",,www.cardekho.com,Kia Seltos
125,One of the best cars in 2019 by Kia. Features in the car are amazing.,"On: Dec 07, 2019 | 401 Views",,www.cardekho.com,Kia Seltos
126,"Great looks and amazing transmission features. Aux, A.C., and rear parking camera are wonderful.","On: Dec 07, 2019 | 55 Views",,www.cardekho.com,Kia Seltos
127,"DON'T BUY SELTOS: 1=WASTE OF TIME AND MONEY. 2=COST WISE HIGH-QUALITY WISE LOW. 3=MILEAGE TOO LOW. 4=I'M BUYING A GTX 7 DCT AUTOMATIC TRANSMISSION PETROL AS I HAD A LOT OF TROUBLE IN MY VEHICLE. FAULT CAN START IN BELOW MENTIONED FACTORS: 1, A.C. NOT WORKING AS WELL. 2, THE BRAKING SYSTEM IS OLDER THEN AMBASSADOR. 3, MILEAGE IS BELOW 12 KM ...Read More","On: Dec 07, 2019 | 38 Views",,www.cardekho.com,Kia Seltos
128,This car is aggressive & beautiful in this segment. This car fully loaded with features.,"On: Dec 06, 2019 | 766 Views",,www.cardekho.com,Kia Seltos
129,"Yes, the HTX variants of Kia Seltos has music system installed in it.","On: Dec 06, 2019 | 416 Views",,www.cardekho.com,Kia Seltos
130,"NO ONE CAN FIND A BETTER SUV THAN KIA SELTOS. ITS AMAZING LOOKS AND BODY ALIGNMENT ARE SOO GOOD AND TOUGH. INTERIORS ARE BEST OF ITS CLASS. I WOULD RECOMMEND YOU TO BRING HOME KIA SELTOS AND HAVE FUN LONG TRIPS WITH YOUR FAMILY. IT'S BEST WHEN ITS COMES TO ALL-TERRAIN, SO GIVE YOUR FAMILY A PLEASURE OF RIDING A GOD OF CHARIOTS. Read More","On: Dec 06, 2019 | 49 Views",,www.cardekho.com,Kia Seltos
131,Kia Seltos is an awesome car from my experience. Good for long routes and quite spacious with comfort and relief. Happy with features of the car. Family and friends appreciated my choice and also wants always to ride my car. Read More,"On: Dec 06, 2019 | 48 Views",,www.cardekho.com,Kia Seltos
132,"Kia Seltos the best automotive made by Kia. It has a 7.5 to 8.1inch screen which provides car information and navigation. There is also a head-up display through which you can get essential information such as speed. It is a good car in terms of safety which carries 4 airbags in the top variant. Even in the low variant, the safety measures are amaz...Read More","On: Dec 06, 2019 | 42 Views",,www.cardekho.com,Kia Seltos
133,Kia Seltos is a very good car. It has new features with a triggered mileage. It's quite comfortable within the budget.,"On: Dec 06, 2019 | 40 Views",,www.cardekho.com,Kia Seltos
134,Very nice car and superb features. It looks amazing and gives a feel which is quite comfortable.,"On: Dec 06, 2019 | 41 Views",,www.cardekho.com,Kia Seltos
135,It's an amazing experience as the drive is very much comfortable. It has many features to entertain and gives a wonderful experience to the passengers as well.,"On: Dec 06, 2019 | 48 Views",,www.cardekho.com,Kia Seltos
136,Good car with the best features within the budget. The interior and the seats of the car make it luxurious.,"On: Dec 05, 2019 | 82 Views",,www.cardekho.com,Kia Seltos
137,"Nice car with lot more features. Fully loaded with multiple features, the best features is the 360-degree camera.","On: Dec 05, 2019 | 52 Views",,www.cardekho.com,Kia Seltos
138,It was the best experience for me. I enjoyed it thoroughly.,"On: Dec 05, 2019 | 782 Views",,www.cardekho.com,Kia Seltos
139,This is the best car in my budget as the features available are amazing including the interior and the exteriors.,"On: Dec 05, 2019 | 292 Views",,www.cardekho.com,Kia Seltos
140,"Best car in its segment. Excellent drivability, superb engine, amazing ergonomics, wonderful comfort, and humongous space. The car is a total package of comfort and performance. Seats are adjustable for both driver and front passenger side. Loads of legroom for the rear passengers. Excellent boot space. Better buy than Jeep Compass or Hyundai Creta...Read More","On: Dec 05, 2019 | 60 Views",,www.cardekho.com,Kia Seltos
141,"Features loaded car beyond expectations. Wonderful engine, superb interior with amazing quality, fabulous fit, and world-class finish.","On: Dec 05, 2019 | 52 Views",,www.cardekho.com,Kia Seltos
142,"A very nice car with bose speakers, which is not available in other cars in its segment. Worth buying it. This car is spacious, safe, powerful. This car comes with 6 airbags, sufficient boot space, and sunroof. Ambient mood lighting gives a luxurious and soothing experience. Read More","On: Dec 05, 2019 | 136 Views",,www.cardekho.com,Kia Seltos
143,"We brought the Kia Seltos HTK in petrol 2 months ago and the car is fabulous. You get all the features even in the base variant. You name it and its there. It has a 6 speaker JBL music system, an intelligent MID projector setup for both headlamps and foglamps. It is a very nice car and you should buy it instead of its rivals. However, spare parts a...Read More","On: Dec 05, 2019 | 54 Views",,www.cardekho.com,Kia Seltos
144,"Excellent car in this price as it gives great value and great comfort for long drives. Also, it is very spacious.","On: Dec 05, 2019 | 53 Views",,www.cardekho.com,Kia Seltos
145,Best and fully loaded car. Kia Seltos is also the best value of money. This car is manageable and is luxurious.,"On: Dec 05, 2019 | 53 Views",,www.cardekho.com,Kia Seltos
146,"Very nice SUV, a great combination of comfort, features, and style. Value for money car with luxury features, good handling, and great braking.","On: Dec 04, 2019 | 3316 Views",,www.cardekho.com,Kia Seltos
147,Nice design and engine are powerful and advanced. Speed and mileage are up to the mark. Available within the budget.,"On: Dec 04, 2019 | 58 Views",,www.cardekho.com,Kia Seltos
148,The best performance and unique look make it striking. The detailed review of this car can not be expressed in just a few words.,"Expected Launch: Jan 01, 2020",,www.cardekho.com,Kia Seltos
149,This car has a very comfortable sitting arrangement and a very good leg space.,"Expected Launch: Jun 01, 2020",,www.cardekho.com,Kia Seltos
150,"Kia Seltos became one of the best prime SUV cars of this era in India. The car has a best-finished premium looking with ultimate build quality till now in the Indian car market. In this price range, it gives many loaded features as follows:  1. It has a 360-degree camera. 2. Both front and rear parking assistance are given. 3. Has an adequate bo...Read More","Expected Launch: Dec 01, 2021",,www.cardekho.com,Kia Seltos
151,"Kia as soon as it landed in India came with a bang for the buck competing with its sister company Hyundai's Creta, the Jeep Compass and the MG Hector which again was recently launched. Seltos gave us a variety of features with 2 lineups total of 5 variants that can suit your choice and has premium features. Read More","Expected Launch: Jun 01, 2020",,www.cardekho.com,Kia Seltos
152,"I felt very glad by its modern advanced technology and innovative design still, it's so smart due to Long-Durability, Safe, Secure and Lightweight. It's one of my favorite cars known for ""Kia Seltos"", we would feel simple by architecture style ever. Read More","Expected Launch: Oct 15, 2020",,www.cardekho.com,Kia Seltos
153,"I am feeling great with this car. It has a quite good handling, nice road grip, great stability, also great acceleration, and engine noise is quite low. Talking about interiors it's just wow. Lots of space, comfortable to sit, and love the driver's electronic adjustment. Don't have words about ventilated seats, and infotainment touch is a superb th...Read More","On: Dec 04, 2019 | 1133 Views",,www.cardekho.com,Kia Seltos
154,"Kia has debuted in the Indian car market by launching a great car Seltos. Though based upon Hyundai Creta, yet many steps ahead of the techology, comfort, styling ride and handling. I think mileage could be a negative aspect. Still, it's a great car. Read More","On: Dec 04, 2019 | 246 Views",,www.cardekho.com,Kia Seltos
155,"Great car with looks, mileage, power, comfort, and ultimate driving pleasure. All in all an absolute value for money car.","On: Dec 04, 2019 | 81 Views",,www.cardekho.com,Kia Seltos
156,"To be very honest this SUV has a sporty look and as per the company, it has a thrilling design, including the interior. Highly recommended.","On: Dec 04, 2019 | 56 Views",,www.cardekho.com,Kia Seltos
157,This car is delivering a very good performance. Great looks.,"On: Dec 04, 2019 | 54 Views",,www.cardekho.com,Kia Seltos
158,Fully loaded car with super new generation features and economically best for middle-class people.,"On: Dec 04, 2019 | 47 Views",,www.cardekho.com,Kia Seltos
159,"A very comfortable and advanced feature, my friend bought this car and its superb car with great features. The engine is more powerful than my car. I like the sensors in this car. Read More","On: Dec 04, 2019 | 49 Views",,www.cardekho.com,Kia Seltos
160,"Yes, the HTX variants of Kia Seltos has music system installed in it.","On: Dec 04, 2019 | 48 Views",,www.cardekho.com,Kia Seltos
161,"I brought Seltos HTX one week back. This is my 6th car following Innova Crysta, XUV500, Duster, Honda City, and Dzire. I can safely say that this is the best overall car in this price range presently. This car is a near-perfect vehicle by many angles. Its design is fantastic, looks are fantastic, features are amazing, refinement is excellent, NVH l...Read More","On: Dec 04, 2019 | 45 Views",,www.cardekho.com,Kia Seltos
162,"Its a nice car with great features, amazing headlight, suspension, nice pick-up.","On: Dec 04, 2019 | 18 Views",,www.cardekho.com,Kia Seltos
163,"The best thing about the car is the interior and exterior features. It is provided at such a reasonable price, and it is simply the best in its segment and it makes Seltos the best car. Read More","On: Dec 04, 2019 | 1324 Views",,www.cardekho.com,Kia Seltos
164,"Kia Seltos can be called as a car of gadgets. It has a handful of features but only in GT line. For HT line it has only 2 airbags even for X Plus which is the diesel top-end model. It has 17inch diamond-cut alloy wheels, 8inch heads-up display, 360Â° camera, blind view monitor, red color brake caliper only for GT line X plus variant. In HT line K pl...Read More","On: Dec 04, 2019 | 69 Views",,www.cardekho.com,Kia Seltos
165,Nice car with all features. This car is very well designed and delivers a good performance. Build quality and interior is so good.,"On: Dec 03, 2019 | 467 Views",,www.cardekho.com,Kia Seltos
166,"It's the best car which I have ever seen and yes it is a new company, so some people might think to purchase it or not. My experience says that every guy must at least test drive it and I'm sure, once driven, will be bought for sure. Read More","On: Dec 03, 2019 | 527 Views",,www.cardekho.com,Kia Seltos
167,"It is the best car in segment, I love this car because of its features and engine in this car. You can also get heads up display of 8 inches which very convenient.","On: Dec 04, 2019 | 55 Views",,www.cardekho.com,Kia Seltos
168,Kia Seltos is the best car in the 2019 car collection. This car is comfortable and featureful as compared to other cars.,"On: Dec 03, 2019 | 62 Views",,www.cardekho.com,Kia Seltos
169,"The looks are amazing, and the design is excellent. The interior of the car makes it a true premium Car. The dashboard is fantastic, and the piano finish is so cool. The design of headlights and the music system's screen is so cool. I have no words to describe the Kia Seltos. Read More","On: Dec 03, 2019 | 49 Views",,www.cardekho.com,Kia Seltos
170,"At such price, the number of features and BS6 refined engine, it's amazing.","On: Dec 03, 2019 | 59 Views",,www.cardekho.com,Kia Seltos
171,"The perfect car for everyday use. It's not too big and not too small. A good car for a family getaway and can take long vacations also. The technology provided is mind-blowing and with this price point, it's a bargain. The best part of Seltos is that it can be selected from a wide range of variants which makes it easy for anyone who is looking into...Read More","On: Dec 03, 2019 | 44 Views",,www.cardekho.com,Kia Seltos
172,"Kia Seltos is the best segment car I have ever seen. This car is fantastic due to its features regarding safety, infotainment etc. This car is a budgeting car and easily affordable when compared with other cars from other companies. This car is a king of highways. So smooth to drive and easily controlled. This car breaking quality is unbelievable. ...Read More","On: Dec 03, 2019 | 47 Views",,www.cardekho.com,Kia Seltos
173,"It is a nice car as it has good features in it and suitable for people who go mountain trailing. I like this car as it has sunroof and moonroof. It is comfortable and spacious with good leg rest. The outer look is very classy, till I know Kia is good brand company and has a good impression in the market. Read More","On: Dec 02, 2019 | 2174 Views",,www.cardekho.com,Kia Seltos
174,The best car in this segment. Never hesitated before buying this car. I just want to say go for it. If you still have doubt go and test drive it.,"On: Dec 03, 2019 | 668 Views",,www.cardekho.com,Kia Seltos
175,"The excellent car, I have never seen any car with those features in India. It's a superb car at a low budget, I have never seen all the features in a low budget car. It felt like, I am using a luxury car like (Benz, BMW etc), ride quality is smooth which is of next level. Read More","On: Dec 03, 2019 | 115 Views",,www.cardekho.com,Kia Seltos
176,This car is amazing as it has new amazing features and new driving options which makes this car best so far.,"On: Dec 02, 2019 | 173 Views",,www.cardekho.com,Kia Seltos
177,Good quality interiors and shockers are so reflective even a large bump wouldn't make a difference. Good seating command and price is on the quite higher side.,"On: Dec 02, 2019 | 265 Views",,www.cardekho.com,Kia Seltos
178,Kia Seltos the amazing car or one can say the amazing SUV so far. Especially the interior of the leather side and leather seats are amazing. Chromium plating looks nice. Highly recommended.  Read More,"On: Dec 02, 2019 | 49 Views",,www.cardekho.com,Kia Seltos
179,The best petrol engine in this segment. It is a great pressure to ride this machine in it's 3rd and 4th gear. The performance is amazing and mileage may vary from 10-19 as per the driving style. Read More,"On: Dec 03, 2019 | 59 Views",,www.cardekho.com,Kia Seltos
180,Superb car and the red color is the best one. My SUV experience is far way better than Scorpio. I really like this car.,"On: Dec 02, 2019 | 49 Views",,www.cardekho.com,Kia Seltos
181,"It's a very good car, good to drive and has awesome segment-first features. Interior Plastic quality is good too. Ride quality below 60 is amazing it soaks almost all small patches of road, the cabin is quieter than most of the rivals plus to make cabin, even more, the better place they have provided with a proper air purifier which a good thing fo...Read More","On: Dec 02, 2019 | 49 Views",,www.cardekho.com,Kia Seltos
182,Its too good compared to swift as well. Good in automatic transmission gives the best mileage.,"On: Dec 02, 2019 | 125 Views",,www.cardekho.com,Kia Seltos
183,Best car in the segment. Quality level is superb. Standard features are available. Mobile connectivity improves the impression of the car. The instrument cluster is awesome. Air conditioning works well. A good amount of legroom offered. In every aspect it is superb. Read More,"Expected Launch: Jan 01, 2020",,www.cardekho.com,Kia Seltos
184,Superb car as it looks like Hulk. This can be at the top of the Indian market.,"Expected Launch: Jun 01, 2020",,www.cardekho.com,Kia Seltos
185,Kia Seltos is better than Hyundai Creta. Its stability is 10/10 and the built Quality is also 10/10.,"Expected Launch: Dec 01, 2021",,www.cardekho.com,Kia Seltos
186,"Kia has debuted in Indian car market by launching a great car. Though it is based upon Hyundai Creta. Yet many steps ahead of tech comfort styling ride and handling. Mileage is quite lesser still, it's an amazing car.  Read More","Expected Launch: Jun 01, 2020",,www.cardekho.com,Kia Seltos
187,Great car with super engine with body quality & amazing features. Amazing colours with sporty look. Superb strong built quality.,"Expected Launch: Oct 15, 2020",,www.cardekho.com,Kia Seltos
188,I will give Kia Seltos 2 stars because of new generation technology. It still needs too many tests on the engine. Looks are good but the car is okay.,"On: Dec 01, 2019 | 3098 Views",,www.cardekho.com,Kia Seltos
189,"This is actually the best offering in the current price range. The range-topping GTX+ model which now also comes in both Petrol and Diesel comes with features that none of the vehicles in the current market offer. 6 Airbags are standard in the GTX+ models. The suspension might not be as good as the Harrier's, but then you forget what has the suspen...Read More","On: Dec 01, 2019 | 62 Views",,www.cardekho.com,Kia Seltos
190,I like Kia Seltos because its front and back side gives us an SUV feel and looks like a luxurious car. I love Kia Seltos more than MG Hector. ,"On: Dec 01, 2019 | 51 Views",,www.cardekho.com,Kia Seltos
191,"Yes, the HTX variants of Kia Seltos has music system installed in it.","On: Dec 01, 2019 | 157 Views",,www.cardekho.com,Kia Seltos
192,"The top model in the diesel engine is too amazing. Its too silent when the car is switched off or when it is turned on, it has very good sound quality, great boot space, amazing interior features, the feature of cooling, the rear seats is also great, back camera has superb quality, its very smooth no matter it is on which speed, the lights below th...Read More","On: Nov 30, 2019 | 38 Views",,www.cardekho.com,Kia Seltos
193,"It is an awesome car and cost-effective as well. All required features available. Best in design, big display and drive comfort. ","On: Dec 01, 2019 | 90 Views",,www.cardekho.com,Kia Seltos
194,Poor performance... Pickup is not satisfying numbers. The average is very low as ComPare to the company claimed... Feeling trapped with this new company. If there would b any chance then I would like to take my money back... One month's driving experience was very frustrating and trauma. Read More,"On: Dec 01, 2019 | 47 Views",,www.cardekho.com,Kia Seltos
195,Looks amazing and wonderful. I would highly recommend this to others as well.,"On: Nov 30, 2019 | 38 Views",,www.cardekho.com,Kia Seltos
196,Compact and everything at similar price initially. I was going to take Ford Ecosport but though to take this one and I think I took the right decision. ,"On: Nov 30, 2019 | 59 Views",,www.cardekho.com,Kia Seltos
197,Kia has debuted in the Indian car market by launching a great car Seltos though based upon Hyundai Creta. Yet many steps ahead of tech comfort styling ride and handling. Though I think mileage could be a negative side. Read More,"On: Dec 01, 2019 | 51 Views",,www.cardekho.com,Kia Seltos
198,The best segment with new technology. The best driving experience and looks are amazing.    ,"On: Nov 29, 2019 | 1223 Views",,www.cardekho.com,Kia Seltos
199,Just an amazing car. I wanna say go for it. Looks are amazing and have brilliant interior and exterior design. It gives a luxurious feel.,"On: Nov 30, 2019 | 733 Views",,www.cardekho.com,Kia Seltos
200,Awesome car and excellent driving experience. What an AC which adjusts in car. It was a good experience in my life.,"On: Nov 29, 2019 | 326 Views",for HTK Plus AT D,www.cardekho.com,Kia Seltos
201,"Best, but not have some features according to XUV 300 have more features than Seltos. According to price xuv300 have low.. Kia Seltos have less service XUV300 gave better than Kia Seltos. Break assist is not there and it has fewer options better than other cars. Read More","On: Nov 30, 2019 | 48 Views",,www.cardekho.com,Kia Seltos
202,"Perfect in class, design, interior, perfect in mileage, ground clearance. Perfect is the final word for it.","On: Nov 29, 2019 | 157 Views",,www.cardekho.com,Kia Seltos
203,"The top model in the diesel engine is too amazing. Its too silent when the car is switched off or when its turn on, it has very good sound quality, great boot space, amazing interior features, the feature of cooling, the rear seats is also great, back camera has superb quality, its very smooth no matter it is on which speed, the lights below the da...Read More","On: Nov 29, 2019 | 45 Views",,www.cardekho.com,Kia Seltos
204,"The very amazing thing about KIA is that they are offering free servicing for 5 years, it means you only drive it, servicing is free by KIA.","On: Nov 30, 2019 | 65 Views",,www.cardekho.com,Kia Seltos
205,Very nice car. It is very comfortable for a family. It is really like an SUV with a very beautiful interior.,"On: Nov 29, 2019 | 64 Views",,www.cardekho.com,Kia Seltos
206,The car looks great and we have purchased the diesel auto top-end model in which all the things are great. But illuminated keys for windows and door lock is missing. We have to search for the buttons in the dark. Overall the car is great in performance and looks. Read More,"On: Nov 29, 2019 | 195 Views",,www.cardekho.com,Kia Seltos
207,"Very comfortable and adjustable seat, the front panel is good in looks, navigation is average, the car looks good from outside.","On: Nov 29, 2019 | 48 Views",,www.cardekho.com,Kia Seltos
208,KIA Seltos is completely spacious and is a smooth experience. It is worth 12 lakhs and is simply amazing. Seltos comes with a touch screen music panel and is quite good in function. Good mileage and pick up. Read More,"On: Nov 29, 2019 | 1313 Views",,www.cardekho.com,Kia Seltos
209,KIA Seltos is a very nice car with the great built quality and lots of amazing features. The driving is also very comfortable on any kind of road.,"On: Nov 29, 2019 | 94 Views",,www.cardekho.com,Kia Seltos
210,"Excellent to drive and comfortable, features are excellent. Best in the segment. Overall, Value for money car.","On: Nov 29, 2019 | 132 Views",,www.cardekho.com,Kia Seltos
211,This car is excellent in driving and features are amazing. The front of the car is very attractive and the full LED looks amazing at night.,"On: Nov 28, 2019 | 49 Views",,www.cardekho.com,Kia Seltos
212,"Kia Seltos is a perfect car. Its design, looks, features and build quality are so excellent. Especially for our Indian roads feels so comfortable and the mileage what the car is offering is just awesome and the performance is just fantastic. The beautiful things are LED and the DRLs design, UVO Connected car - KIA(Know It All), ventilated seats, sm...Read More","On: Nov 28, 2019 | 50 Views",,www.cardekho.com,Kia Seltos
213,It is an excellent car with good features. It moves smoothly on off-roads. Its suspension is also good. It gives you good mileage with the best sound system which makes your ride wonderful and makes you feel luxurious. You can buy this with closed eyes. It's the best car I have seen ever in my life. Read More,"On: Nov 28, 2019 | 174 Views",,www.cardekho.com,Kia Seltos
214,"I just got the chance to sit in one of my uncle's Kia Seltos and what can I say I was just trying to find any flaws but I couldn't. Everything is so perfect in this price bracket that you can't imagine this level of comfort and quality in a car, I just loved it. Read More","On: Nov 29, 2019 | 48 Views",,www.cardekho.com,Kia Seltos
215,Good looking car and the ground clearance is sufficient as compared to other cars as it is very important for the driving experience.,"On: Nov 28, 2019 | 52 Views",,www.cardekho.com,Kia Seltos
216,Excellent car with good suspension and a great car for long drives. The mileage is ok for the city drive. You can buy this car with closed eyes.,"On: Nov 28, 2019 | 988 Views",,www.cardekho.com,Kia Seltos
217,"I have purchased KIA Seltos HTK Petrol last month, and I am fully satisfied with the my Seltos. The overall performance of the car is amazing in terms of driving experience, infotainment system, build and at last the mileage of Kia Seltos. I have almost driven 1700 KM and average coming 15KMPL in the city, and goes 20KMPL on highways. So, I am high...Read More","On: Nov 29, 2019 | 54 Views",,www.cardekho.com,Kia Seltos
218,"The design of this car is very nice. Bose speakers are of nice quality and the sound is excellent, sunroof is an add on with very nice alloys in the top model. ","Expected Launch: Jan 01, 2020",,www.cardekho.com,Kia Seltos
219,Kia Seltos is one of the good specific SUV in economic range of budget. It is a more functional car compared to other cars.,"Expected Launch: Jun 01, 2020",,www.cardekho.com,Kia Seltos
220,It's a great car with excellent features. Looks are also awesome. All accessories are comfortable and safe.,"Expected Launch: Dec 01, 2021",for GTX Plus,www.cardekho.com,Kia Seltos
221,This car is very good. Fully loaded with all features and comfort. The space is excellent. This car looks like a high-level car. I referred to all to take the test drive and share your experience. The car is very safe and very solid. Read More,"Expected Launch: Jun 01, 2020",,www.cardekho.com,Kia Seltos
222,"Yes, the HTX variants of Kia Seltos has music system installed in it.","Expected Launch: Oct 15, 2020",,www.cardekho.com,Kia Seltos
223,It's a wonderful car. All features are good and you will feel like a plane. I am very satisfied with this car. It runs very smoothly without any bounces on off-roads. The driving experience is awesome. Read More,"On: Nov 28, 2019 | 110 Views",,www.cardekho.com,Kia Seltos
224,Perfect car in this price range. Not a single car in this price range has ventilated seats. BOSE speakers are awesome too.,"On: Nov 28, 2019 | 53 Views",,www.cardekho.com,Kia Seltos
225,Best under in this segment. The handling is superb and features are top end. The exterior looks very impressive and the interior is also rich in class. I must prefer this car in the place of other cars under this range. The seats are best in class and luxurious. This is my first car and I am happy with it. Read More,"On: Nov 27, 2019 | 886 Views",,www.cardekho.com,Kia Seltos
226,"I think it the best SUV ever launched, value for money, attractive colors, full options and good mileage than other cars.","On: Nov 28, 2019 | 50 Views",,www.cardekho.com,Kia Seltos
227,"Very nice car, powerful engine, looks very stylish among all cars and its a new concept car.","On: Nov 28, 2019 | 44 Views",,www.cardekho.com,Kia Seltos
228,"I have Kia Seltos GTX Plus in red color. It has awesome looks, superb interiors, a good loud music system and ample space.","On: Nov 28, 2019 | 179 Views",,www.cardekho.com,Kia Seltos
229,"Its drive is very smooth and comfortable. The car gives very good mileage. It is best in all its rivals. Its price is best compared to other cars according to looks and features. It is among the best cars in this segment. It can be compared to other luxurious cars in India. The car is excellent for off-roading, city drives and long drives with the ...Read More","On: Nov 28, 2019 | 45 Views",,www.cardekho.com,Kia Seltos
230,The front look (tiger-nose) is amazing. Riding quality is ok. The rear seat is comfortable and the connectivity is fine.,"On: Nov 28, 2019 | 47 Views",,www.cardekho.com,Kia Seltos
231,"As Kia is new to India, it is taking time for sales but it is superb in performance with stunning design for Indian roads, wonderful interior and reliving mileage so its a perfect SUV. Read More","On: Nov 27, 2019 | 56 Views",,www.cardekho.com,Kia Seltos
232,This Compact SUV is better than other cars. It is one of my favorite cars and a dream car. The car price is also affordable.,"On: Nov 27, 2019 | 282 Views",,www.cardekho.com,Kia Seltos
233,"The things that are most fascinating and important:- 1. Performance - The Kia Seltos has a very enthusiastic approach to the driving experience. The GT line never lets you down at any cost. 2. Driving experience - Driving experience of the Kia Seltos is absolutely a segment above or two. I have driven as well as had a ride in Audi a4, Mercedes Be...Read More","On: Nov 26, 2019 | 54 Views",,www.cardekho.com,Kia Seltos
234,"It is a car with a master body and a powerful engine The transmission is smooth and the parking position is super and tyres are super smooth and the seats are very good. It's not just a machine, it is the master of all machines and this is the first Kia car in India. One important thing is that the body design is fantastic and in night light visibi...Read More","On: Nov 26, 2019 | 2085 Views",,www.cardekho.com,Kia Seltos
235,"For a car, at this price, it is definitely a good deal. Got the automatic 1.4-liter Petrol variant and let me tell you it's a charm to drive this beauty. The gear shift is ever so smooth and linear power delivery makes it good to ride. Read More","On: Nov 27, 2019 | 112 Views",,www.cardekho.com,Kia Seltos
236,"I like the design of this car, it is unique and the key factor is the quality and overall features they provide. The features they provide are the ones that you see only in those high budget cars. Read More","On: Nov 27, 2019 | 48 Views",,www.cardekho.com,Kia Seltos
237,Really a great car that I want to buy. Especially Top-Spec GTI (DCT) version in which the performance of the engine is top-notch. The 10-inch Infosystem and 1.4 Litre turbocharged petrol engine with 140 BHP of power gives a performance of the luxury car and its features without spending 30 Lakhs go for it. Even DRL's design is looking phenomenal. Read More,"On: Nov 27, 2019 | 1229 Views",,www.cardekho.com,Kia Seltos
238,"Still, we have to see the Seltos performance but not bad and boot space is less and for less amount, the car gives more specification.","On: Nov 27, 2019 | 49 Views",,www.cardekho.com,Kia Seltos
239,"Feels like a luxury car. The car is awesome, they perform like a Kia. This car is best for a family.","On: Nov 26, 2019 | 434 Views",,www.cardekho.com,Kia Seltos
240,"Good, excellent car. This car is the best, the drive is very smooth and sounds like a good beast.","On: Nov 26, 2019 | 42 Views",,www.cardekho.com,Kia Seltos
241,"Very good SUV and nice look, nice design. Weldone KIA Seltos, good price quote in India and nice marketing, love this car.","On: Nov 26, 2019 | 45 Views",,www.cardekho.com,Kia Seltos
242,"Top model, great look, good features, good interior & exterior design. A superb car with satisfaction & reasonable price. It is a small car for middle-class people as it is a low budget car. Read More","On: Nov 26, 2019 | 43 Views",,www.cardekho.com,Kia Seltos
243,One of the best SUV sub 20L to have been launched in 2019. The top of the range GT has got all the tech and gadgets you can expect in an international model. If you compare it to any other SUV in its class its got the most bang for the buck and KIA has so many varients the price starts from 11L. So people from different walks of life can afford to ...Read More,"On: Nov 25, 2019 | 1575 Views",,www.cardekho.com,Kia Seltos
244,"Fully feature loaded car, best car I have experienced with a different design in the SUV segment, it gives a tough performance to other SUV cars like hyundai Creta, Tata Harrier and MG Hector and the best feature I saw in this segment is the heads up display, four disc brakes and smart air purifier which provides different fragnances with settings ...Read More","On: Nov 25, 2019 | 290 Views",,www.cardekho.com,Kia Seltos
